operated_at,geohash,avg_lightlux,latitude,longitude,si,gungu,dong,weight
2024-06-29 05:00:00,wy7uxbmm,40.5,35.95,129.371,경상북도,포항시 남구,대송면,0.0026259369442736295
2024-06-05 00:00:00,wykh8bbg,39.2,35.952,129.409,경상북도,포항시 남구,오천읍,0.0025395137030696873
2024-06-15 20:00:00,wykh83j8,41.5,35.953,129.394,경상북도,포항시 남구,오천읍,0.002692416360584354
2024-06-27 20:00:00,wykh89u6,40.0,35.957,129.403,경상북도,포항시 남구,오천읍,0.002592697236118267
2024-06-02 22:00:00,wykh89ur,40.0,35.958,129.403,경상북도,포항시 남구,오천읍,0.002592697236118267
2024-06-24 20:00:00,wykh8dh3,40.25,35.959,129.403,경상북도,포항시 남구,오천읍,0.0026093170901959483
2024-06-21 22:00:00,wykh8dkk,41.375,35.96,129.403,경상북도,포항시 남구,오천읍,0.0026841064335455136
2024-06-21 23:00:00,wykh8ds3,41.0,35.961,129.403,경상북도,포항시 남구,오천읍,0.0026591766524289915
2024-06-15 21:00:00,wykh8dsm,41.27777777777778,35.962,129.403,경상북도,포항시 남구,오천읍,0.0026776431569597485
2024-06-27 22:00:00,wykh8f8e,39.5,35.962,129.409,경상북도,포항시 남구,오천읍,0.0025594575279629045
2024-06-05 20:00:00,wykh8f9e,40.0,35.962,129.41,경상북도,포항시 남구,오천읍,0.002592697236118267
2024-06-19 20:00:00,wykh8eh7,39.67390350877193,35.964,129.403,경상북도,포항시 남구,오천읍,0.0025710185317204494
2024-06-27 21:00:00,wykh8ehm,41.77777777777778,35.965,129.403,경상북도,포항시 남구,오천읍,0.002710882865115111
2024-06-07 21:00:00,wykh8g0k,41.0,35.965,129.408,경상북도,포항시 남구,오천읍,0.0026591766524289915
2024-06-07 20:00:00,wykh8ghy,40.0,35.965,129.415,경상북도,포항시 남구,오천읍,0.002592697236118267
2024-06-24 20:00:00,wykh872d,40.75,35.966,129.387,경상북도,포항시 남구,대송면,0.0026425567983513103
2024-06-02 22:00:00,wykh8ek7,41.0,35.966,129.403,경상북도,포항시 남구,오천읍,0.0026591766524289915
2024-06-21 23:00:00,wykh8erq,39.333333333333336,35.966,129.407,경상북도,포항시 남구,오천읍,0.0025483776252444505
2024-06-27 20:00:00,wykh8gmh,41.0,35.966,129.415,경상북도,포항시 남구,오천읍,0.0026591766524289915
2024-06-22 20:00:00,wykh8gq7,40.5,35.966,129.417,경상북도,포항시 남구,오천읍,0.0026259369442736295
2024-06-07 20:00:00,wykh8ee3,41.6,35.967,129.402,경상북도,포항시 남구,오천읍,0.002699064302215427
2024-06-21 20:00:00,wykh8esk,41.5,35.967,129.403,경상북도,포항시 남구,오천읍,0.002692416360584354
2024-06-13 20:00:00,wykh8gs5,40.5,35.967,129.414,경상북도,포항시 남구,오천읍,0.0026259369442736295
2024-06-27 20:00:00,wykh8esn,41.5,35.968,129.403,경상북도,포항시 남구,오천읍,0.002692416360584354
2024-06-12 20:00:00,wykh8etw,39.333333333333336,35.968,129.405,경상북도,포항시 남구,오천읍,0.0025483776252444505
2024-06-16 00:00:00,wykh8gvz,41.0,35.969,129.416,경상북도,포항시 남구,오천읍,0.0026591766524289915
2024-06-14 20:00:00,wykh8spm,41.75,35.97,129.407,경상북도,포항시 남구,오천읍,0.0027090362146620353
2024-06-21 21:00:00,wykh8shp,40.0,35.971,129.403,경상북도,포항시 남구,오천읍,0.002592697236118267
2024-06-23 21:00:00,wykh8smb,39.77777777777778,35.971,129.405,경상북도,포항시 남구,오천읍,0.0025779240324936615
2024-06-05 20:00:00,wykh8u32,40.0,35.971,129.41,경상북도,포항시 남구,오천읍,0.002592697236118267
2024-06-12 22:00:00,wykh8umb,41.333333333333336,35.971,129.416,경상북도,포항시 남구,오천읍,0.0026813364578659
2024-06-25 05:00:00,wykh8s7y,40.5,35.972,129.402,경상북도,포항시 남구,오천읍,0.0026259369442736295
2024-06-27 20:00:00,wykh8umr,39.5,35.972,129.415,경상북도,포항시 남구,오천읍,0.0025594575279629045
2024-06-27 22:00:00,wykh8sdq,41.0,35.973,129.4,경상북도,포항시 남구,오천읍,0.0026591766524289915
2024-06-24 21:00:00,wykh8sez,41.5,35.973,129.402,경상북도,포항시 남구,오천읍,0.002692416360584354
2024-06-02 22:00:00,wykh8sfh,40.5,35.974,129.4,경상북도,포항시 남구,오천읍,0.0026259369442736295
2024-06-04 20:00:00,wykh8sgy,41.0,35.974,129.402,경상북도,포항시 남구,오천읍,0.0026591766524289915
2024-06-29 23:00:00,wykh8t5c,39.666666666666664,35.975,129.402,경상북도,포항시 남구,오천읍,0.0025705374306813585
2024-06-19 04:00:00,wykh8t5v,41.84468085106383,35.976,129.402,경상북도,포항시 남구,오천읍,0.0027153305423765614
2024-06-19 20:00:00,wykh8tjr,39.333333333333336,35.976,129.404,경상북도,포항시 남구,오천읍,0.0025483776252444505
2024-06-21 20:00:00,wykh8trb,41.0,35.976,129.408,경상북도,포항시 남구,오천읍,0.0026591766524289915
2024-06-12 21:00:00,wykh8vk0,41.77777777777778,35.976,129.414,경상북도,포항시 남구,오천읍,0.002710882865115111
2024-06-12 21:00:00,wykh8v34,41.25,35.977,129.41,경상북도,포항시 남구,오천읍,0.002675796506506673
2024-06-05 20:00:00,wykh8v7u,40.0,35.977,129.413,경상북도,포항시 남구,오천읍,0.002592697236118267
2024-06-02 21:00:00,wykh8v8p,41.0,35.979,129.408,경상북도,포항시 남구,오천읍,0.0026591766524289915
2024-06-27 20:00:00,wykh8vfg,41.15,35.979,129.412,경상북도,포항시 남구,오천읍,0.0026691485648756004
2024-06-12 04:00:00,wykh8w58,41.0,35.98,129.402,경상북도,포항시 남구,오천읍,0.0026591766524289915
2024-06-26 20:00:00,wykh8vgh,41.0,35.98,129.412,경상북도,포항시 남구,오천읍,0.0026591766524289915
2024-06-24 05:00:00,wykh8w76,41.0,35.982,129.402,경상북도,포항시 남구,오천읍,0.0026591766524289915
2024-06-18 00:00:00,wy7uxwx2,39.333333333333336,35.983,129.363,경상북도,포항시 남구,대송면,0.0025483776252444505
2024-06-27 00:00:00,wykh8w7r,40.0,35.983,129.402,경상북도,포항시 남구,오천읍,0.002592697236118267
2024-06-14 21:00:00,wykh8y9c,41.0,35.983,129.411,경상북도,포항시 남구,오천읍,0.0026591766524289915
2024-06-12 02:00:00,wy7uxwxq,40.0,35.984,129.363,경상북도,포항시 남구,대송면,0.002592697236118267
2024-06-28 04:00:00,wykh8we7,41.5,35.984,129.402,경상북도,포항시 남구,인덕동,0.002692416360584354
2024-06-22 05:00:00,wykh8wgk,39.142857142857146,35.985,129.402,경상북도,포항시 남구,인덕동,0.002535714879280503
2024-06-07 04:00:00,wykh8x4y,41.0,35.987,129.401,경상북도,포항시 남구,인덕동,0.0026591766524289915
2024-06-01 05:00:00,wykh8x6m,41.5,35.988,129.4,경상북도,포항시 남구,인덕동,0.002692416360584354
2024-06-29 23:00:00,wy7uxzt6,39.5,35.989,129.371,경상북도,포항시 남구,장흥동,0.0025594575279629045
2024-06-22 00:00:00,wykh8rz7,41.5,35.99,129.396,경상북도,포항시 남구,인덕동,0.002692416360584354
2024-06-25 05:00:00,wykh8xcf,41.0,35.99,129.4,경상북도,포항시 남구,인덕동,0.0026591766524289915
2024-06-25 05:00:00,wy7uy8p9,41.0,35.991,129.32,경상북도,포항시 남구,연일읍,0.0026591766524289915
2024-06-22 00:00:00,wykh8rzk,41.5625,35.991,129.396,경상북도,포항시 남구,인덕동,0.0026965713241037742
2024-06-08 05:00:00,wykhb840,40.0,35.991,129.4,경상북도,포항시 남구,동촌동,0.002592697236118267
2024-06-25 05:00:00,wy7uy8p6,41.0,35.992,129.319,경상북도,포항시 남구,연일읍,0.0026591766524289915
2024-06-29 05:00:00,wykhb80r,40.0,35.992,129.397,경상북도,포항시 남구,동촌동,0.002592697236118267
2024-06-25 05:00:00,wy7uy8qh,39.0,35.993,129.317,경상북도,포항시 남구,연일읍,0.002526217819807542
2024-06-25 05:00:00,wy7uy8qd,40.0,35.993,129.318,경상북도,포항시 남구,연일읍,0.002592697236118267
2024-06-25 05:00:00,wy7uy8qb,41.0,35.993,129.319,경상북도,포항시 남구,연일읍,0.0026591766524289915
2024-06-03 22:00:00,wy7uz2r5,41.75,35.993,129.352,경상북도,포항시 남구,연일읍,0.0027090362146620353
2024-06-19 00:00:00,wykhb2qd,40.0,35.993,129.395,경상북도,포항시 남구,동촌동,0.002592697236118267
2024-06-25 05:00:00,wykhb862,41.0,35.993,129.4,경상북도,포항시 남구,동촌동,0.0026591766524289915
2024-06-25 05:00:00,wy7uy8t6,41.0,35.994,129.316,경상북도,포항시 남구,연일읍,0.0026591766524289915
2024-06-25 05:00:00,wy7uy8qj,41.0,35.994,129.317,경상북도,포항시 남구,연일읍,0.0026591766524289915
2024-06-08 01:00:00,wykhb8t4,41.333333333333336,35.994,129.404,경상북도,포항시 남구,청림동,0.0026813364578659
2024-06-25 05:00:00,wy7uy8t5,39.0,35.995,129.316,경상북도,포항시 남구,연일읍,0.002526217819807542
2024-06-15 23:00:00,wy7uz2xq,41.75,35.995,129.352,경상북도,포항시 남구,연일읍,0.0027090362146620353
2024-06-27 23:00:00,wy7uz887,40.88095238095238,35.995,129.354,경상북도,포항시 남구,연일읍,0.0026512624362015243
2024-06-25 05:00:00,wykhb2sw,40.0,35.995,129.392,경상북도,포항시 남구,동촌동,0.002592697236118267
2024-06-25 05:00:00,wy7uy8gg,40.0,35.996,129.314,경상북도,포항시 남구,연일읍,0.002592697236118267
2024-06-04 21:00:00,wykhb2u6,39.5,35.996,129.392,경상북도,포항시 남구,동촌동,0.0025594575279629045
2024-06-17 21:00:00,wy7uz3hf,40.411764705882355,35.997,129.349,경상북도,포항시 남구,연일읍,0.002620071113422683
2024-06-26 05:00:00,wykhb34h,41.5,35.997,129.389,경상북도,포항시 남구,동촌동,0.002692416360584354
2024-06-29 05:00:00,wykhb349,40.5,35.997,129.39,경상북도,포항시 남구,동촌동,0.0026259369442736295
2024-06-17 21:00:00,wy7uz332,39.5,35.998,129.344,경상북도,포항시 남구,연일읍,0.0025594575279629045
2024-06-09 05:00:00,wy7uz9nn,40.0,35.998,129.361,경상북도,포항시 남구,괴동동,0.002592697236118267
2024-06-09 05:00:00,wy7uz9nr,39.0,35.998,129.362,경상북도,포항시 남구,괴동동,0.002526217819807542
2024-06-26 05:00:00,wykhb31x,41.0,35.998,129.388,경상북도,포항시 남구,괴동동,0.0026591766524289915
2024-06-25 05:00:00,wy7uy92z,40.0,35.999,129.31,경상북도,포항시 남구,연일읍,0.002592697236118267
2024-06-25 05:00:00,wy7uy93j,41.0,35.999,129.311,경상북도,포항시 남구,연일읍,0.0026591766524289915
2024-06-09 05:00:00,wy7uz9qx,41.0,35.999,129.362,경상북도,포항시 남구,괴동동,0.0026591766524289915
2024-06-25 20:00:00,wykhb32t,41.0,35.999,129.387,경상북도,포항시 남구,괴동동,0.0026591766524289915
2024-06-08 22:00:00,wy7uz994,39.0,36.0,129.355,경상북도,포항시 남구,연일읍,0.002526217819807542
2024-06-09 05:00:00,wy7uz9wc,40.5,36.0,129.362,경상북도,포항시 남구,연일읍,0.0026259369442736295
2024-06-29 05:00:00,wykhb1xm,40.5,36.0,129.385,경상북도,포항시 남구,동촌동,0.0026259369442736295
2024-06-07 05:00:00,wykhb380,40.0,36.0,129.386,경상북도,포항시 남구,동촌동,0.002592697236118267
2024-06-09 05:00:00,wy7uz9z8,41.5,36.001,129.363,경상북도,포항시 남구,송내동,0.002692416360584354
2024-06-09 05:00:00,wykhb1dq,39.4,36.001,129.378,경상북도,포항시 남구,괴동동,0.002552809586331832
2024-06-08 05:00:00,wykhb1y6,41.0,36.001,129.384,경상북도,포항시 남구,동촌동,0.0026591766524289915
2024-06-12 20:00:00,wykhb1z0,41.0,36.001,129.385,경상북도,포항시 남구,동촌동,0.0026591766524289915
2024-06-13 21:00:00,wykhb4j2,39.5,36.002,129.382,경상북도,포항시 남구,동촌동,0.0025594575279629045
2024-06-29 05:00:00,wykhb1yh,40.0,36.002,129.383,경상북도,포항시 남구,동촌동,0.002592697236118267
2024-06-25 05:00:00,wy7uy6n7,39.0,36.003,129.307,경상북도,포항시 남구,연일읍,0.002526217819807542
2024-06-01 05:00:00,wykhb4hu,41.5,36.003,129.382,경상북도,포항시 남구,괴동동,0.002692416360584354
2024-06-25 05:00:00,wy7uy6q4,40.0,36.004,129.307,경상북도,포항시 남구,연일읍,0.002592697236118267
2024-06-22 21:00:00,wy7uydm1,39.416666666666664,36.004,129.316,경상북도,포항시 남구,연일읍,0.0025539175766036773
2024-06-09 05:00:00,wy7uzf77,41.5,36.004,129.369,경상북도,포항시 남구,송내동,0.002692416360584354
2024-06-25 05:00:00,wy7uy6mv,40.0,36.005,129.306,경상북도,포항시 남구,연일읍,0.002592697236118267
2024-06-22 21:00:00,wy7uyfe1,40.0,36.005,129.324,경상북도,포항시 남구,효자동,0.002592697236118267
2024-06-29 05:00:00,wykhb47p,40.0,36.005,129.379,경상북도,포항시 남구,동촌동,0.002592697236118267
2024-06-25 05:00:00,wy7uy6ty,41.0,36.006,129.306,경상북도,포항시 남구,연일읍,0.0026591766524289915
2024-06-27 22:00:00,wy7uyf9n,39.0,36.006,129.322,경상북도,포항시 남구,연일읍,0.002526217819807542
2024-06-10 20:00:00,wy7uz4xv,40.0,36.006,129.342,경상북도,포항시 남구,효자동,0.002592697236118267
2024-06-25 05:00:00,wykhb4dk,39.5,36.006,129.378,경상북도,포항시 남구,송내동,0.0025594575279629045
2024-06-25 05:00:00,wy7uy6v9,41.0,36.007,129.306,경상북도,포항시 남구,연일읍,0.0026591766524289915
2024-06-01 22:00:00,wy7uz6cc,39.0,36.007,129.345,경상북도,포항시 남구,상도동,0.002526217819807542
2024-06-24 21:00:00,wykhb4cf,39.6,36.007,129.378,경상북도,포항시 남구,송내동,0.002566105469593977
2024-06-25 05:00:00,wy7uy6vx,41.0,36.008,129.306,경상북도,포항시 남구,연일읍,0.0026591766524289915
2024-06-15 01:00:00,wy7uz714,39.0,36.008,129.344,경상북도,포항시 남구,대잠동,0.002526217819807542
2024-06-28 22:00:00,wy7uze4k,40.0,36.008,129.356,경상북도,포항시 남구,대도동,0.002592697236118267
2024-06-07 20:00:00,wy7uze4s,39.5,36.008,129.357,경상북도,포항시 남구,대도동,0.0025594575279629045
2024-06-27 20:00:00,wykhb516,41.5,36.008,129.377,경상북도,포항시 남구,송내동,0.002692416360584354
2024-06-06 02:00:00,wy7uze22,41.0,36.009,129.354,경상북도,포항시 남구,상도동,0.0026591766524289915
2024-06-01 05:00:00,wykhb524,40.0,36.009,129.375,경상북도,포항시 남구,송내동,0.002592697236118267
2024-06-01 05:00:00,wykhb50x,40.0,36.009,129.376,경상북도,포항시 남구,송내동,0.002592697236118267
2024-06-25 05:00:00,wy7uy7mm,41.0,36.01,129.305,경상북도,포항시 남구,연일읍,0.0026591766524289915
2024-06-05 02:00:00,wy7uz7km,40.333333333333336,36.01,129.348,경상북도,포항시 남구,상도동,0.0026148570415551755
2024-06-25 05:00:00,wy7uy7t6,41.0,36.011,129.305,경상북도,포항시 남구,연일읍,0.0026591766524289915
2024-06-01 02:00:00,wy7uzg89,39.666666666666664,36.011,129.365,경상북도,포항시 남구,대도동,0.0025705374306813585
2024-06-01 05:00:00,wy7uzgwh,41.0,36.011,129.372,경상북도,포항시 남구,해도동,0.0026591766524289915
2024-06-01 05:00:00,wy7uzgwb,41.0,36.011,129.373,경상북도,포항시 남구,해도동,0.0026591766524289915
2024-06-21 20:00:00,wy7uz7ve,39.0,36.012,129.35,경상북도,포항시 남구,상도동,0.002526217819807542
2024-06-20 05:00:00,wy7uz7z5,40.0,36.012,129.352,경상북도,포항시 남구,상도동,0.002592697236118267
2024-06-27 02:00:00,wy7uzeb1,39.0,36.012,129.353,경상북도,포항시 남구,상도동,0.002526217819807542
2024-06-18 22:00:00,wy7uzef2,41.0,36.012,129.356,경상북도,포항시 남구,대도동,0.0026591766524289915
2024-06-04 23:00:00,wy7uzefe,39.0,36.012,129.357,경상북도,포항시 남구,대도동,0.002526217819807542
2024-06-18 21:00:00,wy7uz7yn,41.2,36.013,129.35,경상북도,포항시 남구,상도동,0.002672472535691137
2024-06-10 20:00:00,wy7uzkn3,41.0,36.013,129.351,경상북도,포항시 북구,죽도동,0.0026591766524289915
2024-06-20 05:00:00,wy7uzs50,41.0,36.013,129.357,경상북도,포항시 남구,상도동,0.0026591766524289915
2024-06-07 01:00:00,wy7uzsj1,41.0,36.013,129.36,경상북도,포항시 남구,대도동,0.0026591766524289915
2024-06-27 22:00:00,wy7uzezw,41.666666666666664,36.013,129.363,경상북도,포항시 남구,대도동,0.002703496263302808
2024-06-29 00:00:00,wy7uzgut,41.0,36.013,129.37,경상북도,포항시 남구,해도동,0.0026591766524289915
2024-06-08 05:00:00,wy7uzuj0,41.5,36.013,129.371,경상북도,포항시 남구,해도동,0.002692416360584354
2024-06-25 05:00:00,wy7uykjn,40.0,36.014,129.305,경상북도,포항시 남구,연일읍,0.002592697236118267
2024-06-29 20:00:00,wy7uzk5v,39.5,36.014,129.347,경상북도,포항시 남구,대잠동,0.0025594575279629045
2024-06-09 23:00:00,wy7uzkhk,41.666666666666664,36.014,129.348,경상북도,포항시 남구,대잠동,0.002703496263302808
2024-06-24 22:00:00,wy7uzs4x,41.5,36.014,129.357,경상북도,포항시 남구,상도동,0.002692416360584354
2024-06-01 22:00:00,wy7uzs5w,41.0,36.014,129.358,경상북도,포항시 남구,상도동,0.0026591766524289915
2024-06-27 00:00:00,wy7uzshe,39.0,36.014,129.359,경상북도,포항시 남구,대도동,0.002526217819807542
2024-06-07 20:00:00,wy7uzsj4,40.75,36.014,129.36,경상북도,포항시 남구,대도동,0.0026425567983513103
2024-06-07 22:00:00,wy7uzu04,40.32222222222222,36.014,129.364,경상북도,포항시 남구,대도동,0.002614118381373945
2024-06-22 00:00:00,wy7uzu4v,39.0,36.014,129.368,경상북도,포항시 남구,대도동,0.002526217819807542
2024-06-08 05:00:00,wy7uzuhu,39.0,36.014,129.371,경상북도,포항시 남구,해도동,0.002526217819807542
2024-06-25 05:00:00,wy7uykm1,41.0,36.015,129.305,경상북도,포항시 남구,연일읍,0.0026591766524289915
2024-06-02 20:00:00,wy7uzkr5,40.5,36.015,129.352,경상북도,포항시 북구,죽도동,0.0026259369442736295
2024-06-05 20:00:00,wy7uzs3s,41.5,36.015,129.355,경상북도,포항시 북구,죽도동,0.002692416360584354
2024-06-15 22:00:00,wy7uzs3u,41.5,36.015,129.356,경상북도,포항시 북구,죽도동,0.002692416360584354
2024-06-27 23:00:00,wy7uzs68,39.0,36.015,129.357,경상북도,포항시 남구,상도동,0.002526217819807542
2024-06-01 22:00:00,wy7uzs78,40.0,36.015,129.358,경상북도,포항시 남구,상도동,0.002592697236118267
2024-06-24 20:00:00,wy7uzu2u,40.5,36.015,129.365,경상북도,포항시 남구,대도동,0.0026259369442736295
2024-06-25 05:00:00,wy7uyksb,41.0,36.016,129.305,경상북도,포항시 남구,연일읍,0.0026591766524289915
2024-06-04 23:00:00,wy7uzs84,41.416666666666664,36.016,129.353,경상북도,포항시 북구,죽도동,0.002686876409225127
2024-06-24 02:00:00,wy7uzs86,41.5,36.016,129.354,경상북도,포항시 북구,죽도동,0.002692416360584354
2024-06-27 23:00:00,wy7uzs3n,41.166666666666664,36.016,129.355,경상북도,포항시 북구,죽도동,0.0026702565551474456
2024-06-05 21:00:00,wy7uzss8,41.0,36.016,129.359,경상북도,포항시 남구,대도동,0.0026591766524289915
2024-06-18 23:00:00,wy7uzsxd,40.0,36.016,129.363,경상북도,포항시 남구,대도동,0.002592697236118267
2024-06-09 00:00:00,wy7uzu9d,40.0,36.016,129.366,경상북도,포항시 남구,대도동,0.002592697236118267
2024-06-04 20:00:00,wy7uzukx,41.5,36.016,129.37,경상북도,포항시 남구,해도동,0.002692416360584354
2024-06-09 23:00:00,wy7uzkxu,41.6,36.017,129.353,경상북도,포항시 북구,죽도동,0.002699064302215427
2024-06-07 21:00:00,wy7uzs8m,41.5,36.017,129.354,경상북도,포항시 북구,죽도동,0.002692416360584354
2024-06-13 01:00:00,wy7uzsxe,40.0,36.017,129.363,경상북도,포항시 남구,대도동,0.002592697236118267
2024-06-25 05:00:00,wy7uzusm,40.0,36.017,129.37,경상북도,포항시 남구,해도동,0.002592697236118267
2024-06-22 05:00:00,wy7uzkgu,41.0,36.018,129.347,경상북도,포항시 북구,득량동,0.0026591766524289915
2024-06-05 21:00:00,wy7uzky3,39.625,36.018,129.351,경상북도,포항시 북구,죽도동,0.002567767455001745
2024-06-28 21:00:00,wy7uzsuw,41.0,36.018,129.359,경상북도,포항시 남구,대도동,0.0026591766524289915
2024-06-11 21:00:00,wy7uzsv3,41.0,36.018,129.36,경상북도,포항시 남구,대도동,0.0026591766524289915
2024-06-17 23:00:00,wy7uzsvf,39.0,36.018,129.361,경상북도,포항시 남구,대도동,0.002526217819807542
2024-06-13 02:00:00,wy7uzuf7,39.5,36.018,129.367,경상북도,포항시 남구,대도동,0.0025594575279629045
2024-06-10 22:00:00,wy7uzufd,40.333333333333336,36.018,129.368,경상북도,포항시 남구,대도동,0.0026148570415551755
2024-06-11 23:00:00,wy7uzuge,41.5,36.018,129.369,경상북도,포항시 남구,해도동,0.002692416360584354
2024-06-23 22:00:00,wy7uzuu7,40.5,36.018,129.37,경상북도,포항시 남구,해도동,0.0026259369442736295
2024-06-30 02:00:00,wy7uzm00,39.5,36.019,129.342,경상북도,포항시 남구,대잠동,0.0025594575279629045
2024-06-20 04:00:00,wy7uzscp,41.0,36.019,129.355,경상북도,포항시 북구,죽도동,0.0026591766524289915
2024-06-19 20:00:00,wy7uzsup,41.0,36.019,129.359,경상북도,포항시 남구,대도동,0.0026591766524289915
2024-06-19 22:00:00,wy7uzucz,41.0,36.019,129.367,경상북도,포항시 남구,대도동,0.0026591766524289915
2024-06-14 03:00:00,wy7uzv5g,39.111111111111114,36.019,129.369,경상북도,포항시 남구,해도동,0.002533604421619845
2024-06-10 23:00:00,wy7uzvh5,39.0,36.019,129.37,경상북도,포항시 남구,해도동,0.002526217819807542
2024-06-25 05:00:00,wy7uzvju,40.75,36.019,129.372,경상북도,포항시 남구,해도동,0.0026425567983513103
2024-06-26 20:00:00,wy7uzvps,40.0,36.019,129.374,경상북도,포항시 남구,해도동,0.002592697236118267
2024-06-10 00:00:00,wy7uzt4p,41.0,36.02,129.356,경상북도,포항시 북구,죽도동,0.0026591766524289915
2024-06-22 05:00:00,wy7uzv7b,40.0,36.02,129.369,경상북도,포항시 남구,해도동,0.002592697236118267
2024-06-01 03:00:00,wy7uztrx,39.666666666666664,36.021,129.363,경상북도,포항시 남구,대도동,0.0025705374306813585
2024-06-19 22:00:00,wy7uzv2k,40.0,36.021,129.365,경상북도,포항시 남구,대도동,0.002592697236118267
2024-06-10 21:00:00,wy7uzv7w,41.75,36.021,129.369,경상북도,포항시 남구,해도동,0.0027090362146620353
2024-06-25 05:00:00,wy7uymtc,39.0,36.022,129.306,경상북도,포항시 남구,연일읍,0.002526217819807542
2024-06-02 01:00:00,wy7uyve9,40.0,36.022,129.325,경상북도,포항시 남구,지곡동,0.002592697236118267
2024-06-26 22:00:00,wy7uztdb,41.0,36.022,129.357,경상북도,포항시 북구,죽도동,0.0026591766524289915
2024-06-22 03:00:00,wy7uztx8,39.0,36.022,129.363,경상북도,포항시 남구,대도동,0.002526217819807542
2024-06-04 20:00:00,wy7uztxb,41.8,36.022,129.364,경상북도,포항시 남구,대도동,0.0027123601854775713
2024-06-15 01:00:00,wy7uzvej,40.0,36.022,129.368,경상북도,포항시 남구,대도동,0.002592697236118267
2024-06-25 05:00:00,wy7uymy7,40.0,36.023,129.307,경상북도,포항시 남구,연일읍,0.002592697236118267
2024-06-06 00:00:00,wy7uzmy8,41.0,36.023,129.351,경상북도,포항시 북구,득량동,0.0026591766524289915
2024-06-14 20:00:00,wy7uztc8,41.75,36.023,129.355,경상북도,포항시 북구,죽도동,0.0027090362146620353
2024-06-14 20:00:00,wy7uzter,41.5,36.023,129.358,경상북도,포항시 북구,죽도동,0.002692416360584354
2024-06-04 20:00:00,wy7uztv7,41.4,36.023,129.36,경상북도,포항시 북구,죽도동,0.0026857684189532816
2024-06-08 01:00:00,wy7uztve,39.0,36.023,129.361,경상북도,포항시 북구,죽도동,0.002526217819807542
2024-06-22 05:00:00,wy7uzvg5,41.0,36.023,129.368,경상북도,포항시 남구,해도동,0.0026591766524289915
2024-06-06 01:00:00,wy7uzver,41.0,36.023,129.369,경상북도,포항시 남구,대도동,0.0026591766524289915
2024-06-21 23:00:00,wy7uzvyd,41.6,36.023,129.373,경상북도,포항시 남구,해도동,0.002699064302215427
2024-06-18 22:00:00,wy7uzqh2,41.0,36.024,129.348,경상북도,포항시 북구,득량동,0.0026591766524289915
2024-06-01 04:00:00,wy7uzmuz,40.666666666666664,36.024,129.349,경상북도,포항시 북구,득량동,0.002637016846992083
2024-06-18 21:00:00,wy7uzwh8,41.5,36.024,129.359,경상북도,포항시 북구,죽도동,0.002692416360584354
2024-06-11 22:00:00,wy7uzvgj,41.25,36.024,129.368,경상북도,포항시 남구,해도동,0.002675796506506673
2024-06-22 03:00:00,wy7uzvgk,40.0,36.024,129.369,경상북도,포항시 남구,해도동,0.002592697236118267
2024-06-17 20:00:00,wy7uzyn9,41.0,36.024,129.373,경상북도,포항시 남구,해도동,0.0026591766524289915
2024-06-25 05:00:00,wy7uyqnv,41.0,36.025,129.308,경상북도,포항시 남구,연일읍,0.0026591766524289915
2024-06-26 20:00:00,wy7uznpj,40.0,36.025,129.341,경상북도,포항시 남구,대잠동,0.002592697236118267
2024-06-12 01:00:00,wy7uzqnm,41.0,36.025,129.351,경상북도,포항시 북구,득량동,0.0026591766524289915
2024-06-22 05:00:00,wy7uzwhu,40.0,36.025,129.36,경상북도,포항시 북구,죽도동,0.002592697236118267
2024-06-11 22:00:00,wy7uzy4u,41.0,36.025,129.368,경상북도,포항시 남구,대도동,0.0026591766524289915
2024-06-07 21:00:00,wy7uzyns,41.0,36.025,129.373,경상북도,포항시 남구,해도동,0.0026591766524289915
2024-06-01 21:00:00,wy7uznr3,39.0,36.026,129.341,경상북도,포항시 남구,대잠동,0.002526217819807542
2024-06-08 05:00:00,wy7uzq23,41.333333333333336,36.026,129.343,경상북도,포항시 남구,대잠동,0.0026813364578659
2024-06-07 23:00:00,wy7uzy6f,40.0,36.026,129.368,경상북도,포항시 남구,해도동,0.002592697236118267
2024-06-28 20:00:00,wy7uzqmx,41.25,36.027,129.35,경상북도,포항시 북구,득량동,0.002675796506506673
2024-06-20 00:00:00,wy7uzw8b,41.0,36.027,129.354,경상북도,포항시 북구,용흥동,0.0026591766524289915
2024-06-01 00:00:00,wy7uzw91,41.5,36.027,129.355,경상북도,포항시 북구,용흥동,0.002692416360584354
2024-06-22 05:00:00,wy7uzwqp,39.5,36.027,129.361,경상북도,포항시 북구,죽도동,0.0025594575279629045
2024-06-27 00:00:00,wy7uzww3,41.15384615384615,36.027,129.362,경상북도,포항시 북구,죽도동,0.002669404254938334
2024-06-22 05:00:00,wy7uzy6x,39.0,36.027,129.368,경상북도,포항시 남구,해도동,0.002526217819807542
2024-06-05 23:00:00,wy7uzyqn,41.67777777777778,36.027,129.372,경상북도,포항시 남구,해도동,0.0027042349234840386
2024-06-18 22:00:00,wy7uyyss,39.0,36.028,129.326,경상북도,포항시 남구,지곡동,0.002526217819807542
2024-06-10 00:00:00,wy7uyysu,41.5,36.028,129.327,경상북도,포항시 남구,지곡동,0.002692416360584354
2024-06-16 05:00:00,wy7uzqep,40.0,36.028,129.346,경상북도,포항시 북구,득량동,0.002592697236118267
2024-06-29 20:00:00,wy7uzw9h,39.0,36.028,129.355,경상북도,포항시 북구,용흥동,0.002526217819807542
2024-06-10 01:00:00,wy7uzwtr,41.0,36.028,129.36,경상북도,포항시 북구,죽도동,0.0026591766524289915
2024-06-04 21:00:00,wy7uzwwh,41.44718720821662,36.028,129.361,경상북도,포항시 북구,죽도동,0.002688905397012855
2024-06-24 20:00:00,wy7uzww7,39.25,36.028,129.362,경상북도,포항시 북구,죽도동,0.0025428376738852233
2024-06-25 20:00:00,wy7uzwx5,41.0,36.028,129.363,경상북도,포항시 북구,죽도동,0.0026591766524289915
2024-06-27 01:00:00,wy7uzy8m,41.5,36.028,129.365,경상북도,포항시 북구,죽도동,0.002692416360584354
2024-06-21 03:00:00,wy7uzy9w,40.0,36.028,129.366,경상북도,포항시 북구,죽도동,0.002592697236118267
2024-06-17 23:00:00,wy7uzydq,41.58333333333333,36.028,129.367,경상북도,포항시 북구,죽도동,0.002697956311943581
2024-06-10 23:00:00,wy7uzyf8,41.0,36.028,129.368,경상북도,포항시 북구,죽도동,0.0026591766524289915
2024-06-01 21:00:00,wy7uznyh,40.58333333333333,36.029,129.339,경상북도,포항시 남구,이동,0.002631476895632856
2024-06-26 21:00:00,wy7uznyk,39.666666666666664,36.029,129.34,경상북도,포항시 남구,이동,0.0025705374306813585
2024-06-19 02:00:00,wy7uzwgy,41.5,36.029,129.358,경상북도,포항시 북구,용흥동,0.002692416360584354
2024-06-26 23:00:00,wy7uzwuh,41.0,36.029,129.359,경상북도,포항시 북구,죽도동,0.0026591766524289915
2024-06-28 21:00:00,wy7uzwuc,41.0,36.029,129.36,경상북도,포항시 북구,죽도동,0.0026591766524289915
2024-06-25 00:00:00,wy7uzwz7,41.0,36.029,129.363,경상북도,포항시 북구,죽도동,0.0026591766524289915
2024-06-18 20:00:00,wy7uzyct,39.0,36.029,129.366,경상북도,포항시 북구,죽도동,0.002526217819807542
2024-06-09 00:00:00,wy7uzyg3,41.0,36.029,129.369,경상북도,포항시 북구,죽도동,0.0026591766524289915
2024-06-14 21:00:00,wy7uzyue,39.5,36.029,129.37,경상북도,포항시 남구,해도동,0.0025594575279629045
2024-06-09 02:00:00,wy7uzyuf,39.0,36.029,129.371,경상북도,포항시 남구,해도동,0.002526217819807542
2024-06-09 03:00:00,wy7uzyvs,41.285714285714285,36.029,129.372,경상북도,포항시 남구,해도동,0.002678170771374913
2024-06-25 05:00:00,wy7uyx07,39.0,36.03,129.31,경상북도,포항시 남구,연일읍,0.002526217819807542
2024-06-10 00:00:00,wy7uyycz,41.0,36.03,129.323,경상북도,포항시 남구,지곡동,0.0026591766524289915
2024-06-08 05:00:00,wy7uyz51,40.75,36.03,129.324,경상북도,포항시 남구,지곡동,0.0026425567983513103
2024-06-01 05:00:00,wy7uzp5f,40.0,36.03,129.336,경상북도,포항시 남구,이동,0.002592697236118267
2024-06-09 23:00:00,wy7uzx4f,41.0,36.03,129.357,경상북도,포항시 북구,용흥동,0.0026591766524289915
2024-06-22 05:00:00,wy7uzwgz,40.96103896103896,36.03,129.358,경상북도,포항시 북구,용흥동,0.0026565865453000025
2024-06-15 22:00:00,wy7uzxpk,39.0,36.03,129.363,경상북도,포항시 북구,죽도동,0.002526217819807542
2024-06-16 01:00:00,wy7uzxpf,39.5,36.03,129.364,경상북도,포항시 북구,죽도동,0.0025594575279629045
2024-06-19 21:00:00,wy7uzzj7,41.0,36.03,129.371,경상북도,포항시 남구,해도동,0.0026591766524289915
2024-06-10 20:00:00,wykhbp0c,39.91666666666667,36.03,129.376,경상북도,포항시 남구,송도동,0.0025871572847590402
2024-06-25 05:00:00,wy7uyx2c,40.0,36.031,129.31,경상북도,포항시 남구,연일읍,0.002592697236118267
2024-06-08 05:00:00,wy7uyz0w,41.416666666666664,36.031,129.321,경상북도,포항시 남구,지곡동,0.002686876409225127
2024-06-19 00:00:00,wy7uyzhv,41.0,36.031,129.327,경상북도,포항시 남구,지곡동,0.0026591766524289915
2024-06-26 21:00:00,wy7uzr1v,40.5,36.031,129.345,경상북도,포항시 북구,득량동,0.0026259369442736295
2024-06-13 00:00:00,wy7uzx6f,40.0,36.031,129.357,경상북도,포항시 북구,용흥동,0.002592697236118267
2024-06-09 01:00:00,wy7uzxhm,41.5,36.031,129.359,경상북도,포항시 북구,용흥동,0.002692416360584354
2024-06-14 00:00:00,wy7uzz39,39.0,36.031,129.366,경상북도,포항시 북구,죽도동,0.002526217819807542
2024-06-14 21:00:00,wy7uzzk1,40.75,36.031,129.37,경상북도,포항시 북구,죽도동,0.0026425567983513103
2024-06-26 21:00:00,wy7uzpmk,40.0,36.032,129.338,경상북도,포항시 북구,득량동,0.002592697236118267
2024-06-26 21:00:00,wy7uzr82,39.5,36.032,129.343,경상북도,포항시 북구,득량동,0.0025594575279629045
2024-06-13 04:00:00,wy7uzx75,41.5,36.032,129.357,경상북도,포항시 북구,용흥동,0.002692416360584354
2024-06-16 00:00:00,wy7uzx7q,41.0,36.032,129.358,경상북도,포항시 북구,용흥동,0.0026591766524289915
2024-06-03 23:00:00,wy7uzxs2,40.0,36.032,129.359,경상북도,포항시 북구,용흥동,0.002592697236118267
2024-06-21 20:00:00,wy7uzz90,41.0,36.032,129.366,경상북도,포항시 북구,죽도동,0.0026591766524289915
2024-06-11 22:00:00,wy7uzz7r,40.0,36.032,129.369,경상북도,포항시 북구,죽도동,0.002592697236118267
2024-06-05 20:00:00,wy7uzzk5,41.0,36.032,129.37,경상북도,포항시 북구,죽도동,0.0026591766524289915
2024-06-10 00:00:00,wy7uzr8c,39.666666666666664,36.033,129.343,경상북도,포항시 북구,득량동,0.0025705374306813585
2024-06-13 05:00:00,wy7uzxe4,41.0,36.033,129.357,경상북도,포항시 북구,용흥동,0.0026591766524289915
2024-06-13 05:00:00,wy7uzxe6,40.0,36.033,129.358,경상북도,포항시 북구,용흥동,0.002592697236118267
2024-06-06 03:00:00,wy7uzxth,41.0,36.033,129.36,경상북도,포항시 북구,대흥동,0.0026591766524289915
2024-06-13 00:00:00,wy7uzz95,40.5,36.033,129.366,경상북도,포항시 북구,죽도동,0.0026259369442736295
2024-06-10 22:00:00,wy7uzzdg,40.0,36.033,129.368,경상북도,포항시 북구,죽도동,0.002592697236118267
2024-06-26 20:00:00,wy7uzzev,40.16666666666667,36.033,129.369,경상북도,포항시 북구,죽도동,0.0026037771388367215
2024-06-25 20:00:00,wy7uzzsj,40.904761904761905,36.033,129.37,경상북도,포항시 북구,죽도동,0.002652845279447018
2024-06-21 03:00:00,wy7uzzsv,40.0,36.033,129.371,경상북도,포항시 북구,죽도동,0.002592697236118267
2024-06-20 05:00:00,wy7uzrb0,41.75,36.034,129.342,경상북도,포항시 북구,득량동,0.0027090362146620353
2024-06-13 05:00:00,wy7uzxer,39.5,36.034,129.358,경상북도,포항시 북구,용흥동,0.0025594575279629045
2024-06-25 02:00:00,wy7uzxv6,40.0,36.034,129.36,경상북도,포항시 북구,대흥동,0.002592697236118267
2024-06-01 21:00:00,wy7uzxzd,40.5,36.034,129.363,경상북도,포항시 북구,죽도동,0.0026259369442736295
2024-06-24 03:00:00,wy7uzzey,40.0,36.034,129.369,경상북도,포항시 북구,죽도동,0.002592697236118267
2024-06-10 21:00:00,wy7uzzsy,41.5,36.034,129.371,경상북도,포항시 북구,죽도동,0.002692416360584354
2024-06-10 20:00:00,wykhbpu3,41.0,36.034,129.381,경상북도,포항시 남구,송도동,0.0026591766524289915
2024-06-13 05:00:00,wy7uzxbu,40.666666666666664,36.035,129.354,경상북도,포항시 북구,용흥동,0.002637016846992083
2024-06-11 03:00:00,wy7vp8n1,39.611111111111114,36.035,129.361,경상북도,포항시 북구,남빈동,0.0025668441297752075
2024-06-05 23:00:00,wy7uzxyz,41.0,36.035,129.362,경상북도,포항시 북구,대흥동,0.0026591766524289915
2024-06-24 04:00:00,wy7vp8p3,39.0,36.035,129.363,경상북도,포항시 북구,남빈동,0.002526217819807542
2024-06-07 22:00:00,wy7uzzbv,41.0,36.035,129.365,경상북도,포항시 북구,죽도동,0.0026591766524289915
2024-06-04 04:00:00,wy7uzzcj,41.8111672278339,36.035,129.366,경상북도,포항시 북구,죽도동,0.002713102576265778
2024-06-04 22:00:00,wy7vpbh3,41.0,36.035,129.37,경상북도,포항시 북구,죽도동,0.0026591766524289915
2024-06-28 02:00:00,wy7vp8hw,41.0,36.036,129.359,경상북도,포항시 북구,대흥동,0.0026591766524289915
2024-06-21 21:00:00,wy7vp8n6,39.666666666666664,36.036,129.362,경상북도,포항시 북구,남빈동,0.0025705374306813585
2024-06-14 20:00:00,wy7vpb0w,41.5,36.036,129.365,경상북도,포항시 북구,남빈동,0.002692416360584354
2024-06-07 22:00:00,wy7vpb1r,41.75,36.036,129.366,경상북도,포항시 북구,남빈동,0.0027090362146620353
2024-06-05 21:00:00,wy7vpbh5,41.0,36.036,129.37,경상북도,포항시 북구,죽도동,0.0026591766524289915
2024-06-13 05:00:00,wy7vp2q4,39.5,36.037,129.35,경상북도,포항시 북구,용흥동,0.0025594575279629045
2024-06-25 20:00:00,wy7vp8k5,41.0,36.037,129.359,경상북도,포항시 북구,대흥동,0.0026591766524289915
2024-06-08 23:00:00,wy7vpb2u,41.25,36.037,129.365,경상북도,포항시 북구,남빈동,0.002675796506506673
2024-06-13 01:00:00,wy7vpb60,39.0,36.037,129.367,경상북도,포항시 북구,남빈동,0.002526217819807542
2024-06-21 20:00:00,wy7vpb75,41.5,36.037,129.368,경상북도,포항시 북구,남빈동,0.002692416360584354
2024-06-04 23:00:00,wy7vpbk5,39.0,36.037,129.37,경상북도,포항시 북구,남빈동,0.002526217819807542
2024-06-26 22:00:00,wy7vpb99,40.75,36.038,129.366,경상북도,포항시 북구,상원동,0.0026425567983513103
2024-06-26 22:00:00,wy7vpb9f,41.5,36.038,129.367,경상북도,포항시 북구,상원동,0.002692416360584354
2024-06-19 01:00:00,wy7vpbe6,40.333333333333336,36.038,129.369,경상북도,포항시 북구,동빈2가,0.0026148570415551755
2024-06-25 05:00:00,wy7vn8e7,41.0,36.039,129.314,경상북도,포항시 남구,연일읍,0.0026591766524289915
2024-06-13 05:00:00,wy7vp2ss,39.0,36.039,129.348,경상북도,포항시 북구,용흥동,0.002526217819807542
2024-06-09 01:00:00,wy7vp8u8,41.0,36.039,129.359,경상북도,포항시 북구,신흥동,0.0026591766524289915
2024-06-07 02:00:00,wy7vp8xk,41.5,36.039,129.363,경상북도,포항시 북구,대흥동,0.002692416360584354
2024-06-28 20:00:00,wy7vpb8e,41.5,36.039,129.365,경상북도,포항시 북구,대흥동,0.002692416360584354
2024-06-07 21:00:00,wy7vpb9x,41.75,36.039,129.366,경상북도,포항시 북구,상원동,0.0027090362146620353
2024-06-15 22:00:00,wy7vpbg2,40.92307692307692,36.039,129.369,경상북도,포항시 북구,덕산동,0.0026540628511743203
2024-06-01 05:00:00,wy7vnbfw,40.0,36.04,129.324,경상북도,포항시 남구,이동,0.002592697236118267
2024-06-01 05:00:00,wy7vnbgq,41.0,36.04,129.325,경상북도,포항시 남구,이동,0.0026591766524289915
2024-06-04 20:00:00,wy7vp2ge,41.0,36.04,129.347,경상북도,포항시 북구,용흥동,0.0026591766524289915
2024-06-13 00:00:00,wy7vp8u9,39.0,36.04,129.359,경상북도,포항시 북구,신흥동,0.002526217819807542
2024-06-08 00:00:00,wy7vpbbu,41.75193798449613,36.04,129.365,경상북도,포항시 북구,상원동,0.0027091650507401572
2024-06-02 20:00:00,wy7vpbcv,41.0,36.04,129.367,경상북도,포항시 북구,상원동,0.0026591766524289915
2024-06-19 22:00:00,wy7vpbg3,40.5,36.04,129.369,경상북도,포항시 북구,덕산동,0.0026259369442736295
2024-06-26 22:00:00,wy7vpby5,40.0,36.04,129.372,경상북도,포항시 남구,송도동,0.002592697236118267
2024-06-01 20:00:00,wykj00cg,41.333333333333336,36.04,129.378,경상북도,포항시 남구,송도동,0.0026813364578659
2024-06-01 05:00:00,wy7vn9pd,40.0,36.041,129.32,경상북도,포항시 북구,흥해읍,0.002592697236118267
2024-06-01 00:00:00,wy7vp3n6,41.0,36.041,129.351,경상북도,포항시 북구,용흥동,0.0026591766524289915
2024-06-09 01:00:00,wy7vpc01,40.0,36.041,129.364,경상북도,포항시 북구,덕산동,0.002592697236118267
2024-06-27 20:00:00,wy7vpc18,40.0,36.041,129.366,경상북도,포항시 북구,덕산동,0.002592697236118267
2024-06-21 22:00:00,wy7vpc1b,41.5,36.041,129.367,경상북도,포항시 북구,덕산동,0.002692416360584354
2024-06-05 21:00:00,wy7vpbfz,39.75,36.041,129.368,경상북도,포항시 북구,덕산동,0.0025760773820405858
2024-06-17 22:00:00,wy7vpc4r,41.0,36.042,129.367,경상북도,포항시 북구,덕산동,0.0026591766524289915
2024-06-13 05:00:00,wy7vn9qy,41.0,36.043,129.319,경상북도,포항시 북구,흥해읍,0.0026591766524289915
2024-06-12 01:00:00,wy7vpc2y,40.0,36.043,129.365,경상북도,포항시 북구,덕산동,0.002592697236118267
2024-06-26 20:00:00,wy7vpc7y,39.5,36.043,129.369,경상북도,포항시 북구,덕산동,0.0025594575279629045
2024-06-13 05:00:00,wy7vn9xg,41.0,36.044,129.32,경상북도,포항시 북구,흥해읍,0.0026591766524289915
2024-06-13 05:00:00,wy7vp391,39.0,36.044,129.344,경상북도,포항시 북구,용흥동,0.002526217819807542
2024-06-05 21:00:00,wy7vpce5,40.77777777777778,36.044,129.368,경상북도,포항시 북구,덕수동,0.002644403448804386
2024-06-10 23:00:00,wy7vpcek,41.5,36.044,129.369,경상북도,포항시 북구,덕수동,0.002692416360584354
2024-06-07 05:00:00,wy7vp9sp,39.5,36.045,129.359,경상북도,포항시 북구,용흥동,0.0025594575279629045
2024-06-23 23:00:00,wy7vpcg2,39.0,36.045,129.369,경상북도,포항시 북구,대신동,0.002526217819807542
2024-06-23 22:00:00,wy7vpcu4,40.0,36.045,129.37,경상북도,포항시 북구,동빈1가,0.002592697236118267
2024-06-22 02:00:00,wy7vpcz9,39.0,36.045,129.374,경상북도,포항시 남구,송도동,0.002526217819807542
2024-06-02 01:00:00,wy7vp9gu,40.5,36.046,129.358,경상북도,포항시 북구,용흥동,0.0026259369442736295
2024-06-12 01:00:00,wy7vpcbs,40.0,36.046,129.365,경상북도,포항시 북구,대신동,0.002592697236118267
2024-06-18 20:00:00,wy7vpf4b,40.333333333333336,36.046,129.368,경상북도,포항시 북구,대신동,0.0026148570415551755
2024-06-07 22:00:00,wy7vpcum,41.5,36.046,129.37,경상북도,포항시 북구,동빈1가,0.002692416360584354
2024-06-13 05:00:00,wy7vnf5s,41.0,36.047,129.325,경상북도,포항시 북구,흥해읍,0.0026591766524289915
2024-06-03 20:00:00,wy7vpf4y,40.833333333333336,36.047,129.368,경상북도,포항시 북구,대신동,0.0026480967497105375
2024-06-09 01:00:00,wy7vpfhw,41.0,36.047,129.37,경상북도,포항시 북구,대신동,0.0026591766524289915
2024-06-13 05:00:00,wy7vnfkc,41.0,36.048,129.327,경상북도,포항시 북구,흥해읍,0.0026591766524289915
2024-06-12 20:00:00,wy7vpfm5,40.0,36.048,129.371,경상북도,포항시 북구,대신동,0.002592697236118267
2024-06-13 05:00:00,wy7vnfqp,39.0,36.049,129.328,경상북도,포항시 북구,흥해읍,0.002526217819807542
2024-06-13 05:00:00,wy7vp43p,41.666666666666664,36.049,129.333,경상북도,포항시 북구,흥해읍,0.002703496263302808
2024-06-10 20:00:00,wy7vpdwf,41.911764705882355,36.049,129.362,경상북도,포항시 북구,대신동,0.0027197902378887705
2024-06-29 23:00:00,wy7vpdx0,39.333333333333336,36.049,129.363,경상북도,포항시 북구,대신동,0.0025483776252444505
2024-06-12 22:00:00,wy7vpf6x,41.0,36.049,129.368,경상북도,포항시 북구,대신동,0.0026591766524289915
2024-06-08 05:00:00,wy7vpft1,39.5,36.049,129.371,경상북도,포항시 북구,대신동,0.0025594575279629045
2024-06-17 21:00:00,wy7vpdu0,39.5,36.05,129.359,경상북도,포항시 북구,우현동,0.0025594575279629045
2024-06-27 20:00:00,wy7vpdu7,40.0,36.051,129.359,경상북도,포항시 북구,우현동,0.002592697236118267
2024-06-25 22:00:00,wy7vpdye,41.0,36.051,129.362,경상북도,포항시 북구,우현동,0.0026591766524289915
2024-06-03 20:00:00,wy7vpfve,41.333333333333336,36.051,129.372,경상북도,포항시 북구,학산동,0.0026813364578659
2024-06-13 22:00:00,wy7vpejk,41.5,36.052,129.36,경상북도,포항시 북구,우현동,0.002692416360584354
2024-06-04 21:00:00,wy7vpen0,40.666666666666664,36.052,129.361,경상북도,포항시 북구,우현동,0.002637016846992083
2024-06-01 21:00:00,wy7vpdyr,40.0,36.052,129.362,경상북도,포항시 북구,우현동,0.002592697236118267
2024-06-16 20:00:00,wy7vpgnu,41.666666666666664,36.052,129.373,경상북도,포항시 북구,학산동,0.002703496263302808
2024-06-25 05:00:00,wy7vp569,41.0,36.053,129.335,경상북도,포항시 북구,흥해읍,0.0026591766524289915
2024-06-08 22:00:00,wy7vpejm,41.5,36.053,129.36,경상북도,포항시 북구,우현동,0.002692416360584354
2024-06-04 20:00:00,wy7vpgpz,39.0,36.053,129.375,경상북도,포항시 북구,항구동,0.002526217819807542
2024-06-12 23:00:00,wy7vpe7w,41.666666666666664,36.054,129.358,경상북도,포항시 북구,우현동,0.002703496263302808
2024-06-29 01:00:00,wy7vpet2,41.5,36.054,129.36,경상북도,포항시 북구,우현동,0.002692416360584354
2024-06-05 21:00:00,wy7vpeqv,41.0,36.054,129.362,경상북도,포항시 북구,우현동,0.0026591766524289915
2024-06-06 00:00:00,wy7vpex2,41.0,36.054,129.363,경상북도,포항시 북구,우현동,0.0026591766524289915
2024-06-29 03:00:00,wykj052s,41.0,36.054,129.376,경상북도,포항시 북구,항구동,0.0026591766524289915
2024-06-14 20:00:00,wykj053x,39.5,36.054,129.377,경상북도,포항시 북구,항구동,0.0025594575279629045
2024-06-08 23:00:00,wy7vpese,39.5,36.055,129.359,경상북도,포항시 북구,우현동,0.0025594575279629045
2024-06-11 21:00:00,wy7vpex9,40.0,36.055,129.363,경상북도,포항시 북구,우현동,0.002592697236118267
2024-06-14 20:00:00,wy7vpgt3,41.0,36.055,129.371,경상북도,포항시 북구,학산동,0.0026591766524289915
2024-06-04 00:00:00,wy7vpgxt,39.5,36.055,129.374,경상북도,포항시 북구,학산동,0.0025594575279629045
2024-06-27 23:00:00,wykj059d,41.0,36.055,129.377,경상북도,포항시 북구,두호동,0.0026591766524289915
2024-06-19 23:00:00,wy7vpesz,39.0,36.056,129.36,경상북도,포항시 북구,우현동,0.002526217819807542
2024-06-04 21:00:00,wy7vpezc,39.5,36.056,129.364,경상북도,포항시 북구,우현동,0.0025594575279629045
2024-06-24 20:00:00,wy7vpgb7,40.5,36.056,129.365,경상북도,포항시 북구,우현동,0.0026259369442736295
2024-06-28 20:00:00,wykj05b0,41.0,36.056,129.375,경상북도,포항시 북구,두호동,0.0026591766524289915
2024-06-24 20:00:00,wykj05c2,41.0,36.056,129.377,경상북도,포항시 북구,두호동,0.0026591766524289915
2024-06-14 00:00:00,wy7vpefj,40.0,36.057,129.356,경상북도,포항시 북구,우현동,0.002592697236118267
2024-06-14 20:00:00,wy7vpgus,39.5,36.057,129.37,경상북도,포항시 북구,학산동,0.0025594575279629045
2024-06-04 23:00:00,wykj05ct,41.66666666666667,36.057,129.377,경상북도,포항시 북구,두호동,0.0027034962633028085
2024-06-08 00:00:00,wykj0h42,40.6,36.057,129.378,경상북도,포항시 북구,두호동,0.002632584885904702
2024-06-01 05:00:00,wy7vph5g,40.5,36.058,129.336,경상북도,포항시 북구,흥해읍,0.0026259369442736295
2024-06-17 21:00:00,wy7vpuhn,41.0,36.058,129.37,경상북도,포항시 북구,두호동,0.0026591766524289915
2024-06-08 00:00:00,wykj0h4n,41.5,36.058,129.378,경상북도,포항시 북구,두호동,0.002692416360584354
2024-06-01 05:00:00,wy7vphkk,40.0,36.059,129.337,경상북도,포항시 북구,흥해읍,0.002592697236118267
2024-06-07 21:00:00,wy7vpurd,40.0,36.059,129.374,경상북도,포항시 북구,두호동,0.002592697236118267
2024-06-17 03:00:00,wykj0h67,41.666666666666664,36.059,129.378,경상북도,포항시 북구,두호동,0.002703496263302808
2024-06-04 20:00:00,wykj0h6t,41.333333333333336,36.059,129.379,경상북도,포항시 북구,두호동,0.0026813364578659
2024-06-26 00:00:00,wy7vpuwe,40.666666666666664,36.06,129.373,경상북도,포항시 북구,두호동,0.002637016846992083
2024-06-04 23:00:00,wykj0h88,40.0,36.06,129.376,경상북도,포항시 북구,두호동,0.002592697236118267
2024-06-08 20:00:00,wykj0he4,40.0,36.06,129.379,경상북도,포항시 북구,두호동,0.002592697236118267
2024-06-11 23:00:00,wykj0he9,41.75,36.06,129.38,경상북도,포항시 북구,두호동,0.0027090362146620353
2024-06-04 21:00:00,wy7vpuwh,39.0,36.061,129.372,경상북도,포항시 북구,두호동,0.002526217819807542
2024-06-28 02:00:00,wy7vpuwk,39.76724137931034,36.061,129.373,경상북도,포항시 북구,두호동,0.002577223578873529
2024-06-08 00:00:00,wykj0hem,40.333333333333336,36.061,129.38,경상북도,포항시 북구,두호동,0.0026148570415551755
2024-06-24 21:00:00,wy7vpuuu,41.0,36.062,129.371,경상북도,포항시 북구,두호동,0.0026591766524289915
2024-06-11 23:00:00,wykj0hbt,39.75,36.062,129.376,경상북도,포항시 북구,두호동,0.0025760773820405858
2024-06-22 23:00:00,wykj0hg9,41.833333333333336,36.062,129.38,경상북도,포항시 북구,두호동,0.0027145761660212625
2024-06-29 20:00:00,wykj0hu5,40.5,36.062,129.381,경상북도,포항시 북구,두호동,0.0026259369442736295
2024-06-23 00:00:00,wykj0jhg,40.0,36.063,129.382,경상북도,포항시 북구,두호동,0.002592697236118267
2024-06-13 00:00:00,wy7vpvm6,39.0,36.064,129.371,경상북도,포항시 북구,두호동,0.002526217819807542
2024-06-02 00:00:00,wy7vpvr4,39.63636363636363,36.064,129.374,경상북도,포항시 북구,두호동,0.0025685229029143667
2024-06-08 21:00:00,wy7vpvr5,40.0,36.065,129.374,경상북도,포항시 북구,두호동,0.002592697236118267
2024-06-08 20:00:00,wykj0jsb,41.0,36.065,129.382,경상북도,포항시 북구,두호동,0.0026591766524289915
2024-06-22 05:00:00,wy7vpvt9,41.0,36.066,129.372,경상북도,포항시 북구,두호동,0.0026591766524289915
2024-06-08 20:00:00,wykj0jst,41.666666666666664,36.066,129.381,경상북도,포항시 북구,두호동,0.002703496263302808
2024-06-07 21:00:00,wykj0jwc,41.0,36.066,129.384,경상북도,포항시 북구,두호동,0.0026591766524289915
2024-06-07 01:00:00,wykj0jxt,41.0,36.066,129.385,경상북도,포항시 북구,두호동,0.0026591766524289915
2024-06-15 02:00:00,wykj0jxv,41.75,36.066,129.386,경상북도,포항시 북구,두호동,0.0027090362146620353
2024-06-15 02:00:00,wykj0mb2,39.5,36.067,129.387,경상북도,포항시 북구,두호동,0.0025594575279629045
2024-06-02 00:00:00,wykj0mf5,39.666666666666664,36.067,129.389,경상북도,포항시 북구,환호동,0.0025705374306813585
2024-06-26 00:00:00,wy7vpynn,41.0,36.069,129.372,경상북도,포항시 북구,두호동,0.0026591766524289915
2024-06-26 23:00:00,wy7vpyny,40.0,36.069,129.373,경상북도,포항시 북구,두호동,0.002592697236118267
2024-06-04 21:00:00,wy7vpyqw,40.0,36.071,129.373,경상북도,포항시 북구,장성동,0.002592697236118267
2024-06-30 01:00:00,wykj0ner,40.5,36.072,129.38,경상북도,포항시 북구,장성동,0.0026259369442736295
2024-06-21 21:00:00,wykj0nu5,39.5,36.073,129.381,경상북도,포항시 북구,장성동,0.0025594575279629045
2024-06-24 21:00:00,wykj0nuy,40.0,36.073,129.382,경상북도,포항시 북구,장성동,0.002592697236118267
2024-06-22 22:00:00,wykj0pn1,41.0,36.074,129.383,경상북도,포항시 북구,장성동,0.0026591766524289915
2024-06-22 22:00:00,wykj0pn6,41.0,36.074,129.384,경상북도,포항시 북구,장성동,0.0026591766524289915
2024-06-08 01:00:00,wykj0x0q,40.333333333333336,36.075,129.397,경상북도,포항시 북구,환호동,0.0026148570415551755
2024-06-08 01:00:00,wykj0p7t,41.5,36.076,129.38,경상북도,포항시 북구,장성동,0.002692416360584354
2024-06-22 01:00:00,wykj0r2m,39.333333333333336,36.076,129.387,경상북도,포항시 북구,장성동,0.0025483776252444505
2024-06-09 01:00:00,wykj0rsx,39.25,36.078,129.392,경상북도,포항시 북구,장성동,0.0025428376738852233
2024-06-12 00:00:00,wykj0pzs,40.0,36.079,129.385,경상북도,포항시 북구,장성동,0.002592697236118267
2024-06-04 04:00:00,wy7vr22t,40.0,36.081,129.343,경상북도,포항시 북구,흥해읍,0.002592697236118267
2024-06-02 02:00:00,wykj20r8,41.0,36.081,129.385,경상북도,포항시 북구,장성동,0.0026591766524289915
2024-06-02 20:00:00,wykj22rc,40.5,36.081,129.397,경상북도,포항시 북구,양덕동,0.0026259369442736295
2024-06-29 21:00:00,wykj287h,39.5,36.081,129.401,경상북도,포항시 북구,양덕동,0.0025594575279629045
2024-06-04 04:00:00,wy7vr22x,40.5,36.082,129.343,경상북도,포항시 북구,흥해읍,0.0026259369442736295
2024-06-08 22:00:00,wykj22rz,40.0,36.082,129.397,경상북도,포항시 북구,양덕동,0.002592697236118267
2024-06-24 21:00:00,wykj28sb,39.5,36.082,129.404,경상북도,포항시 북구,양덕동,0.0025594575279629045
2024-06-04 21:00:00,wykj20ev,40.0,36.083,129.38,경상북도,포항시 북구,장성동,0.002592697236118267
2024-06-12 02:00:00,wykj20xt,40.666666666666664,36.083,129.385,경상북도,포항시 북구,장성동,0.002637016846992083
2024-06-07 23:00:00,wykj228k,41.0,36.083,129.387,경상북도,포항시 북구,장성동,0.0026591766524289915
2024-06-24 21:00:00,wykj288r,39.333333333333336,36.083,129.397,경상북도,포항시 북구,양덕동,0.0025483776252444505
2024-06-02 20:00:00,wykj28ew,40.61111111111111,36.083,129.402,경상북도,포항시 북구,양덕동,0.0026333235460859316
2024-06-04 04:00:00,wy7vr2b6,39.0,36.084,129.343,경상북도,포항시 북구,흥해읍,0.002526217819807542
2024-06-26 04:00:00,wy7vr1pf,41.0,36.085,129.342,경상북도,포항시 북구,흥해읍,0.0026591766524289915
2024-06-24 21:00:00,wykj28br,40.666666666666664,36.085,129.397,경상북도,포항시 북구,양덕동,0.002637016846992083
2024-06-22 22:00:00,wykj21pv,39.857142857142854,36.086,129.386,경상북도,포항시 북구,장성동,0.002583200176645306
2024-06-19 22:00:00,wykj21se,39.333333333333336,36.088,129.381,경상북도,포항시 북구,장성동,0.0025483776252444505
2024-06-05 22:00:00,wykj238d,40.0,36.088,129.387,경상북도,포항시 북구,양덕동,0.002592697236118267
2024-06-04 23:00:00,wykj21yd,41.75,36.089,129.384,경상북도,포항시 북구,양덕동,0.0027090362146620353
2024-06-08 23:00:00,wykj21vp,41.0,36.09,129.382,경상북도,포항시 북구,양덕동,0.0026591766524289915
2024-06-26 04:00:00,wy7vr4pz,39.0,36.091,129.342,경상북도,포항시 북구,흥해읍,0.002526217819807542
2024-06-26 04:00:00,wy7vr4rb,39.0,36.092,129.342,경상북도,포항시 북구,흥해읍,0.002526217819807542
2024-06-26 04:00:00,wy7vr6by,41.0,36.095,129.343,경상북도,포항시 북구,흥해읍,0.0026591766524289915
2024-06-26 04:00:00,wy7vr714,39.0,36.096,129.344,경상북도,포항시 북구,흥해읍,0.002526217819807542
2024-06-26 04:00:00,wy7vr51j,39.5,36.097,129.333,경상북도,포항시 북구,흥해읍,0.0025594575279629045
2024-06-11 20:00:00,wy7vr5nq,41.666666666666664,36.097,129.34,경상북도,포항시 북구,흥해읍,0.002703496263302808
2024-06-04 04:00:00,wy7vr736,39.0,36.097,129.344,경상북도,포항시 북구,흥해읍,0.002526217819807542
2024-06-26 05:00:00,wy7vr5t2,39.0,36.098,129.338,경상북도,포항시 북구,흥해읍,0.002526217819807542
2024-06-26 05:00:00,wy7vr5s7,40.0,36.099,129.337,경상북도,포항시 북구,흥해읍,0.002592697236118267
2024-06-26 04:00:00,wy7vr5w9,40.0,36.099,129.34,경상북도,포항시 북구,흥해읍,0.002592697236118267
2024-06-26 04:00:00,wy7vr5cu,39.5,36.1,129.334,경상북도,포항시 북구,흥해읍,0.0025594575279629045
2024-06-26 04:00:00,wy7vr5yb,39.0,36.1,129.34,경상북도,포항시 북구,흥해읍,0.002526217819807542
2024-06-26 04:00:00,wy7vr5z5,39.0,36.1,129.341,경상북도,포항시 북구,흥해읍,0.002526217819807542
2024-06-26 04:00:00,wy7vr7bd,39.0,36.1,129.343,경상북도,포항시 북구,흥해읍,0.002526217819807542
2024-06-26 04:00:00,wy7vr7bj,40.0,36.101,129.342,경상북도,포항시 북구,흥해읍,0.002592697236118267
2024-06-04 22:00:00,wy7vru1c,40.0,36.101,129.367,경상북도,포항시 북구,흥해읍,0.002592697236118267
2024-06-04 04:00:00,wy7vrhrc,40.0,36.103,129.342,경상북도,포항시 북구,흥해읍,0.002592697236118267
2024-06-18 23:00:00,wykj2sk0,40.0,36.103,129.403,경상북도,포항시 북구,흥해읍,0.002592697236118267
2024-06-18 22:00:00,wykj2kec,41.5,36.104,129.391,경상북도,포항시 북구,흥해읍,0.002692416360584354
2024-06-26 22:00:00,wy7vrkc1,41.0,36.105,129.344,경상북도,포항시 북구,흥해읍,0.0026591766524289915
2024-06-26 22:00:00,wy7vrkc4,41.0,36.106,129.344,경상북도,포항시 북구,흥해읍,0.0026591766524289915
2024-06-04 04:00:00,wy7vrm10,41.0,36.107,129.344,경상북도,포항시 북구,흥해읍,0.0026591766524289915
2024-06-01 21:00:00,wy7vrm1u,39.0,36.107,129.345,경상북도,포항시 북구,흥해읍,0.002526217819807542
2024-06-19 20:00:00,wy7vrm29,40.666666666666664,36.108,129.343,경상북도,포항시 북구,흥해읍,0.002637016846992083
2024-06-04 20:00:00,wy7vrmnm,39.0,36.108,129.351,경상북도,포항시 북구,흥해읍,0.002526217819807542
2024-06-01 01:00:00,wy7vrtec,41.0,36.11,129.358,경상북도,포항시 북구,흥해읍,0.0026591766524289915
2024-06-04 04:00:00,wy7vrjzs,39.34375,36.111,129.342,경상북도,포항시 북구,흥해읍,0.002549070119164354
2024-06-01 01:00:00,wy7vrmfm,40.0,36.112,129.345,경상북도,포항시 북구,흥해읍,0.002592697236118267
2024-06-04 04:00:00,wy7vrnrv,40.0,36.114,129.342,경상북도,포항시 북구,흥해읍,0.002592697236118267
2024-06-04 04:00:00,wy7vrq2n,40.0,36.115,129.342,경상북도,포항시 북구,흥해읍,0.002592697236118267
2024-06-17 05:00:00,wy7vqq9s,40.0,36.116,129.3,경상북도,포항시 북구,흥해읍,0.002592697236118267
2024-06-04 04:00:00,wy7vrq8t,41.0,36.116,129.343,경상북도,포항시 북구,흥해읍,0.0026591766524289915
2024-06-27 05:00:00,wy7vqqbp,39.75,36.117,129.298,경상북도,포항시 북구,신광면,0.0025760773820405858
2024-06-22 05:00:00,wy7vqr00,39.75,36.118,129.298,경상북도,포항시 북구,신광면,0.0025760773820405858
2024-06-12 04:00:00,wy7vmr77,39.5,36.12,129.259,경상북도,포항시 북구,신광면,0.0025594575279629045
2024-06-26 03:00:00,wy7vqpye,41.0,36.122,129.296,경상북도,포항시 북구,신광면,0.0026591766524289915
2024-06-12 04:00:00,wy7vt2pn,40.0,36.124,129.264,경상북도,포항시 북구,신광면,0.002592697236118267
2024-06-12 04:00:00,wy7vt80m,41.0,36.124,129.266,경상북도,포항시 북구,신광면,0.0026591766524289915
2024-06-22 05:00:00,wy7vx44n,41.0,36.135,129.334,경상북도,포항시 북구,흥해읍,0.0026591766524289915
2024-06-22 05:00:00,wy7vwfxg,41.0,36.137,129.331,경상북도,포항시 북구,흥해읍,0.0026591766524289915
2024-06-22 05:00:00,wy7vx42r,41.0,36.137,129.332,경상북도,포항시 북구,흥해읍,0.0026591766524289915
2024-06-22 05:00:00,wy7vwfxm,40.5,36.138,129.33,경상북도,포항시 북구,흥해읍,0.0026259369442736295
2024-06-22 05:00:00,wy7vwfxs,39.5,36.138,129.331,경상북도,포항시 북구,흥해읍,0.0025594575279629045
2024-06-05 04:00:00,wy7vwfvs,41.5,36.139,129.328,경상북도,포항시 북구,흥해읍,0.002692416360584354
2024-06-25 05:00:00,wy7vz1nv,40.0,36.173,129.34,경상북도,포항시 북구,청하면,0.002592697236118267
2024-06-25 05:00:00,wy7vz1qc,41.0,36.174,129.34,경상북도,포항시 북구,청하면,0.0026591766524289915
2024-06-25 05:00:00,wy7ypdeq,40.0,36.226,129.358,경상북도,포항시 북구,송라면,0.002592697236118267
